,Carson.Inflow,Red River Gage.Gage Outflow,Muddy River Gage.Gage Outflow
0,423.5038146972656,262.5406799316406,228.27821350097656
1,423.5038146972656,262.5406799316406,228.27821350097656
2,423.5038146972656,262.5406799316406,228.27821350097656
3,423.5038146972656,262.5406799316406,228.27821350097656
4,423.5038146972656,262.5406799316406,228.27821350097656
5,423.5038146972656,262.5406799316406,228.27821350097656
6,423.5038146972656,262.5406799316406,228.27821350097656
7,423.5038146972656,262.5406799316406,228.27821350097656
8,423.5038146972656,262.5406799316406,228.27821350097656
9,423.5038146972656,262.5406799316406,228.27821350097656
10,423.5038146972656,262.5406799316406,228.27821350097656
11,423.5038146972656,262.5406799316406,228.27821350097656
12,423.5038146972656,262.5406799316406,228.27821350097656
13,423.5038146972656,262.5406799316406,228.27821350097656
14,423.5038146972656,262.5406799316406,228.27821350097656
15,423.5038146972656,262.5406799316406,228.27821350097656
16,423.5038146972656,262.5406799316406,228.27821350097656
17,423.5038146972656,262.5406799316406,228.27821350097656
18,423.5038146972656,262.5406799316406,228.27821350097656
19,423.5038146972656,262.5406799316406,228.27821350097656
20,423.5038146972656,262.5406799316406,228.27821350097656
21,423.5038146972656,262.5406799316406,228.27821350097656
22,423.5038146972656,262.5406799316406,228.27821350097656
23,423.5038146972656,262.5406799316406,228.27821350097656
24,423.5038146972656,262.5406799316406,228.27821350097656
25,423.5038146972656,262.5406799316406,228.27821350097656
26,423.5038146972656,262.5406799316406,228.27821350097656
27,423.5038146972656,262.5406799316406,228.27821350097656
28,423.5038146972656,262.5406799316406,228.27821350097656
29,423.5038146972656,262.5406799316406,228.27821350097656
30,423.5038146972656,262.5406799316406,228.27821350097656
31,423.5038146972656,262.5406799316406,228.27821350097656
32,423.5038146972656,262.5406799316406,228.27821350097656
33,423.5038146972656,262.5406799316406,228.27821350097656
34,423.5038146972656,262.5406799316406,228.27821350097656
35,423.5038146972656,262.5406799316406,228.27821350097656
36,423.5038146972656,262.5406799316406,228.27821350097656
37,423.5038146972656,262.5406799316406,228.27821350097656
38,423.5038146972656,262.5406799316406,228.27821350097656
39,423.5038146972656,262.5406799316406,228.27821350097656
40,423.5038146972656,262.5406799316406,228.27821350097656
41,423.5038146972656,262.5406799316406,228.27821350097656
42,423.5038146972656,262.5406799316406,228.27821350097656
43,423.5038146972656,262.5406799316406,228.27821350097656
44,423.5038146972656,262.5406799316406,228.27821350097656
45,423.5038146972656,262.5406799316406,228.27821350097656
46,423.5038146972656,262.5406799316406,228.27821350097656
47,423.5038146972656,262.5406799316406,228.27821350097656
48,423.5038146972656,262.5406799316406,228.27821350097656
49,423.5038146972656,262.5406799316406,228.27821350097656
50,423.5038146972656,262.5406799316406,228.27821350097656
51,423.5038146972656,262.5406799316406,228.27821350097656
52,423.5038146972656,262.5406799316406,228.27821350097656
53,423.5038146972656,262.5406799316406,228.27821350097656
54,423.5038146972656,262.5406799316406,228.27821350097656
55,423.5038146972656,262.5406799316406,228.27821350097656
56,423.5038146972656,262.5406799316406,228.27821350097656
57,423.5038146972656,262.5406799316406,228.27821350097656
58,423.5038146972656,262.5406799316406,228.27821350097656
59,423.5038146972656,262.5406799316406,228.27821350097656
60,423.5038146972656,262.5406799316406,228.27821350097656
61,423.5038146972656,262.5406799316406,228.27821350097656
62,423.5038146972656,262.5406799316406,228.27821350097656
63,423.5038146972656,262.5406799316406,228.27821350097656
64,423.5038146972656,262.5406799316406,228.27821350097656
65,423.5038146972656,262.5406799316406,228.27821350097656
66,423.5038146972656,262.5406799316406,228.27821350097656
67,423.5038146972656,262.5406799316406,228.27821350097656
68,423.5038146972656,262.5406799316406,228.27821350097656
69,423.5038146972656,262.5406799316406,228.27821350097656
70,423.5038146972656,262.5406799316406,228.27821350097656
71,423.5038146972656,262.5406799316406,228.27821350097656
72,423.5038146972656,262.5406799316406,228.27821350097656
73,423.5038146972656,262.5406799316406,228.27821350097656
74,423.5038146972656,262.5406799316406,228.27821350097656
75,423.5038146972656,262.5406799316406,228.27821350097656
76,423.5038146972656,262.5406799316406,228.27821350097656
77,423.5038146972656,262.5406799316406,228.27821350097656
78,423.5038146972656,262.5406799316406,228.27821350097656
79,423.5038146972656,262.5406799316406,228.27821350097656
80,423.5038146972656,262.5406799316406,228.27821350097656
81,423.5038146972656,262.5406799316406,228.27821350097656
82,423.5038146972656,262.5406799316406,228.27821350097656
83,423.5038146972656,262.5406799316406,228.27821350097656
84,423.5038146972656,262.5406799316406,228.27821350097656
85,423.5038146972656,262.5406799316406,228.27821350097656
86,423.5038146972656,262.5406799316406,228.27821350097656
87,423.5038146972656,262.5406799316406,228.27821350097656
88,423.5038146972656,262.5406799316406,228.27821350097656
89,423.5038146972656,262.5406799316406,228.27821350097656
90,423.5038146972656,262.5406799316406,228.27821350097656
91,423.5038146972656,262.5406799316406,228.27821350097656
92,423.5038146972656,262.5406799316406,228.27821350097656
93,423.5038146972656,262.5406799316406,228.27821350097656
94,423.5038146972656,262.5406799316406,228.27821350097656
95,423.5038146972656,262.5406799316406,228.27821350097656
96,423.5038146972656,262.5406799316406,228.27821350097656
97,423.5038146972656,262.5406799316406,228.27821350097656
98,423.5038146972656,262.5406799316406,228.27821350097656
99,423.5038146972656,262.5406799316406,228.27821350097656
100,423.5038146972656,262.5406799316406,228.27821350097656
101,423.5038146972656,262.5406799316406,228.27821350097656
102,423.5038146972656,262.5406799316406,228.27821350097656
103,423.5038146972656,262.5406799316406,228.27821350097656
104,423.5038146972656,262.5406799316406,228.27821350097656
105,423.5038146972656,262.5406799316406,228.27821350097656
106,423.5038146972656,262.5406799316406,228.27821350097656
107,423.5038146972656,262.5406799316406,228.27821350097656
108,423.5038146972656,262.5406799316406,228.27821350097656
109,423.5038146972656,262.5406799316406,228.27821350097656
110,423.5038146972656,262.5406799316406,228.27821350097656
111,423.5038146972656,262.5406799316406,228.27821350097656
112,423.5038146972656,262.5406799316406,228.27821350097656
113,423.5038146972656,262.5406799316406,228.27821350097656
114,423.5038146972656,262.5406799316406,228.27821350097656
115,423.5038146972656,262.5406799316406,228.27821350097656
116,423.5038146972656,262.5406799316406,228.27821350097656
117,423.5038146972656,262.5406799316406,228.27821350097656
118,423.5038146972656,262.5406799316406,228.27821350097656
119,423.5038146972656,262.5406799316406,228.27821350097656
120,423.5038146972656,262.5406799316406,228.27821350097656
121,423.5038146972656,262.5406799316406,228.27821350097656
122,423.5038146972656,262.5406799316406,228.27821350097656
123,423.5038146972656,262.5406799316406,228.27821350097656
124,423.5038146972656,262.5406799316406,228.27821350097656
125,423.5038146972656,262.5406799316406,228.27821350097656
126,423.5038146972656,262.5406799316406,228.27821350097656
127,423.5038146972656,262.5406799316406,228.27821350097656
128,423.5038146972656,262.5406799316406,228.27821350097656
129,423.5038146972656,262.5406799316406,228.27821350097656
130,423.5038146972656,262.5406799316406,228.27821350097656
131,423.5038146972656,262.5406799316406,228.27821350097656
132,423.5038146972656,262.5406799316406,228.27821350097656
133,423.5038146972656,262.5406799316406,228.27821350097656
134,423.5038146972656,262.5406799316406,228.27821350097656
135,423.5038146972656,262.5406799316406,228.27821350097656
136,423.5038146972656,262.5406799316406,228.27821350097656
137,423.5038146972656,262.5406799316406,228.27821350097656
138,423.5038146972656,262.5406799316406,228.27821350097656
139,423.5038146972656,262.5406799316406,228.27821350097656
140,423.5038146972656,262.5406799316406,228.27821350097656
141,423.5038146972656,262.5406799316406,228.27821350097656
142,423.5038146972656,262.5406799316406,228.27821350097656
143,423.5038146972656,262.5406799316406,228.27821350097656
144,423.5038146972656,262.5406799316406,228.27821350097656
145,423.5038146972656,262.5406799316406,228.27821350097656
146,423.5038146972656,262.5406799316406,228.27821350097656
147,423.5038146972656,262.5406799316406,228.27821350097656
148,423.5038146972656,262.5406799316406,228.27821350097656
149,423.5038146972656,262.5406799316406,228.27821350097656
150,423.5038146972656,262.5406799316406,228.27821350097656
151,423.5038146972656,262.5406799316406,228.27821350097656
152,423.5038146972656,262.5406799316406,228.27821350097656
153,423.5038146972656,262.5406799316406,228.27821350097656
154,423.5038146972656,262.5406799316406,228.27821350097656
155,423.5038146972656,262.5406799316406,228.27821350097656
156,423.5038146972656,262.5406799316406,228.27821350097656
157,423.5038146972656,262.5406799316406,228.27821350097656
158,423.5038146972656,262.5406799316406,228.27821350097656
159,423.5038146972656,262.5406799316406,228.27821350097656
160,423.5038146972656,262.5406799316406,228.27821350097656
161,423.5038146972656,262.5406799316406,228.27821350097656
162,423.5038146972656,262.5406799316406,228.27821350097656
163,423.5038146972656,262.5406799316406,228.27821350097656
164,423.5038146972656,262.5406799316406,228.27821350097656
165,423.5038146972656,262.5406799316406,228.27821350097656
166,423.5038146972656,262.5406799316406,228.27821350097656
167,423.5038146972656,262.5406799316406,228.27821350097656
168,423.5038146972656,262.5406799316406,228.27821350097656
169,423.5038146972656,262.5406799316406,228.27821350097656
170,423.5038146972656,262.5406799316406,228.27821350097656
171,423.5038146972656,262.5406799316406,228.27821350097656
172,423.5038146972656,262.5406799316406,228.27821350097656
173,434.7903137207031,268.82281494140625,232.62242126464844
174,423.5038146972656,262.5406799316406,228.27821350097656
175,423.5038146972656,262.5406799316406,228.27821350097656
176,423.5038146972656,262.5406799316406,228.27821350097656
177,423.5038146972656,262.5406799316406,228.27821350097656
178,423.5038146972656,262.5406799316406,228.27821350097656
179,423.5038146972656,262.5406799316406,228.27821350097656
180,423.5038146972656,262.5406799316406,228.27821350097656
181,423.5038146972656,262.5406799316406,228.27821350097656
182,423.5038146972656,262.5406799316406,228.27821350097656
183,423.5038146972656,262.5406799316406,228.27821350097656
184,423.5038146972656,262.5406799316406,228.27821350097656
185,423.5038146972656,262.5406799316406,228.27821350097656
186,423.5038146972656,262.5406799316406,228.27821350097656
187,423.5038146972656,262.5406799316406,228.27821350097656
188,423.5038146972656,262.5406799316406,228.27821350097656
189,423.5038146972656,262.5406799316406,228.27821350097656
190,423.5038146972656,262.5406799316406,228.27821350097656
191,423.5038146972656,262.5406799316406,228.27821350097656
192,423.5038146972656,262.5406799316406,228.27821350097656
193,423.5038146972656,262.5406799316406,228.27821350097656
194,423.5038146972656,262.5406799316406,228.27821350097656
195,423.5038146972656,262.5406799316406,228.27821350097656
196,423.5038146972656,262.5406799316406,228.27821350097656
197,423.5038146972656,262.5406799316406,228.27821350097656
198,423.5038146972656,262.5406799316406,228.27821350097656
199,423.5038146972656,262.5406799316406,228.27821350097656
200,423.5038146972656,262.5406799316406,228.27821350097656
201,423.5038146972656,262.5406799316406,228.27821350097656
202,423.5038146972656,262.5406799316406,228.27821350097656
203,423.5038146972656,262.5406799316406,228.27821350097656
204,423.5038146972656,262.5406799316406,228.27821350097656
205,423.5038146972656,262.5406799316406,228.27821350097656
206,423.5038146972656,262.5406799316406,228.27821350097656
207,423.5038146972656,262.5406799316406,228.27821350097656
208,423.5038146972656,262.5406799316406,228.27821350097656
209,423.5038146972656,262.5406799316406,228.27821350097656
210,423.5038146972656,262.5406799316406,228.27821350097656
211,423.5038146972656,262.5406799316406,228.27821350097656
212,423.5038146972656,262.5406799316406,228.27821350097656
213,423.5038146972656,262.5406799316406,228.27821350097656
214,423.5038146972656,262.5406799316406,228.27821350097656
215,423.5038146972656,262.5406799316406,228.27821350097656
216,423.5038146972656,262.5406799316406,228.27821350097656
217,423.5038146972656,262.5406799316406,228.27821350097656
218,423.5038146972656,262.5406799316406,228.27821350097656
219,423.5038146972656,262.5406799316406,228.27821350097656
220,423.5038146972656,262.5406799316406,228.27821350097656
221,423.5038146972656,262.5406799316406,228.27821350097656
222,423.5038146972656,262.5406799316406,228.27821350097656
223,423.5038146972656,262.5406799316406,228.27821350097656
224,423.5038146972656,262.5406799316406,228.27821350097656
225,423.5038146972656,262.5406799316406,228.27821350097656
226,423.5038146972656,262.5406799316406,228.27821350097656
227,423.5038146972656,262.5406799316406,228.27821350097656
228,423.5038146972656,262.5406799316406,228.27821350097656
229,423.5038146972656,262.5406799316406,228.27821350097656
230,423.5038146972656,262.5406799316406,228.27821350097656
231,423.5038146972656,262.5406799316406,228.27821350097656
232,423.5038146972656,262.5406799316406,228.27821350097656
233,423.5038146972656,262.5406799316406,228.27821350097656
234,423.5038146972656,262.5406799316406,228.27821350097656
235,423.5038146972656,262.5406799316406,228.27821350097656
236,423.5038146972656,262.5406799316406,228.27821350097656
237,423.5038146972656,262.5406799316406,228.27821350097656
238,423.5038146972656,262.5406799316406,228.27821350097656
239,423.5038146972656,262.5406799316406,228.27821350097656
240,423.5038146972656,262.5406799316406,228.27821350097656
241,423.5038146972656,262.5406799316406,228.27821350097656
242,423.5038146972656,262.5406799316406,228.27821350097656
243,423.5038146972656,262.5406799316406,228.27821350097656
244,423.5038146972656,262.5406799316406,228.27821350097656
245,423.5038146972656,262.5406799316406,228.27821350097656
246,423.5038146972656,262.5406799316406,228.27821350097656
247,423.5038146972656,262.5406799316406,228.27821350097656
248,423.5038146972656,262.5406799316406,228.27821350097656
249,423.5038146972656,262.5406799316406,228.27821350097656
250,423.5038146972656,262.5406799316406,228.27821350097656
251,423.5038146972656,262.5406799316406,228.27821350097656
252,423.5038146972656,262.5406799316406,228.27821350097656
253,423.5038146972656,262.5406799316406,228.27821350097656
254,423.5038146972656,262.5406799316406,228.27821350097656
255,424.7477722167969,263.1849060058594,228.72532653808594
256,423.5038146972656,262.5406799316406,228.27821350097656
257,423.5038146972656,262.5406799316406,228.27821350097656
258,423.5038146972656,262.5406799316406,228.27821350097656
259,423.5038146972656,262.5406799316406,228.27821350097656
260,423.5038146972656,262.5406799316406,228.27821350097656
261,423.5038146972656,262.5406799316406,228.27821350097656
262,423.5038146972656,262.5406799316406,228.27821350097656
263,423.5038146972656,262.5406799316406,228.27821350097656
264,423.5038146972656,262.5406799316406,228.27821350097656
265,423.5038146972656,262.5406799316406,228.27821350097656
266,423.5038146972656,262.5406799316406,228.27821350097656
267,423.5038146972656,262.5406799316406,228.27821350097656
268,423.5038146972656,262.5406799316406,228.27821350097656
269,423.5038146972656,262.5406799316406,228.27821350097656
270,423.5038146972656,262.5406799316406,228.27821350097656
271,423.5038146972656,262.5406799316406,228.27821350097656
272,423.5038146972656,262.5406799316406,228.27821350097656
273,423.5038146972656,262.5406799316406,228.27821350097656
274,423.5038146972656,262.5406799316406,228.27821350097656
275,423.5038146972656,262.5406799316406,228.27821350097656
276,423.5038146972656,262.5406799316406,228.27821350097656
277,423.5038146972656,262.5406799316406,228.27821350097656
278,423.5038146972656,262.5406799316406,228.27821350097656
279,423.5038146972656,262.5406799316406,228.27821350097656
280,423.5038146972656,262.5406799316406,228.27821350097656
281,423.5038146972656,262.5406799316406,228.27821350097656
282,423.5038146972656,262.5406799316406,228.27821350097656
283,423.5038146972656,262.5406799316406,228.27821350097656
284,423.5038146972656,262.5406799316406,228.27821350097656
285,423.5038146972656,262.5406799316406,228.27821350097656
286,423.5038146972656,262.5406799316406,228.27821350097656
287,423.5038146972656,262.5406799316406,228.27821350097656
288,423.5038146972656,262.5406799316406,228.27821350097656
289,423.5038146972656,262.5406799316406,228.27821350097656
290,423.5038146972656,262.5406799316406,228.27821350097656
291,423.5038146972656,262.5406799316406,228.27821350097656
292,423.5038146972656,262.5406799316406,228.27821350097656
293,423.5038146972656,262.5406799316406,228.27821350097656
294,423.5038146972656,262.5406799316406,228.27821350097656
295,423.5038146972656,262.5406799316406,228.27821350097656
296,423.5038146972656,262.5406799316406,228.27821350097656
297,423.5038146972656,262.5406799316406,228.27821350097656
298,423.5038146972656,262.5406799316406,228.27821350097656
299,423.5038146972656,262.5406799316406,228.27821350097656
300,423.5038146972656,262.5406799316406,228.27821350097656
301,423.5038146972656,262.5406799316406,228.27821350097656
302,423.5038146972656,262.5406799316406,228.27821350097656
303,423.5038146972656,262.5406799316406,228.27821350097656
304,423.5038146972656,262.5406799316406,228.27821350097656
305,423.5038146972656,262.5406799316406,228.27821350097656
306,423.5038146972656,262.5406799316406,228.27821350097656
307,423.5038146972656,262.5406799316406,228.27821350097656
308,423.5038146972656,262.5406799316406,228.27821350097656
309,423.5038146972656,262.5406799316406,228.27821350097656
310,423.5038146972656,262.5406799316406,228.27821350097656
311,423.5038146972656,262.5406799316406,228.27821350097656
312,423.5038146972656,262.5406799316406,228.27821350097656
313,423.5038146972656,262.5406799316406,228.27821350097656
314,423.5038146972656,262.5406799316406,228.27821350097656
315,423.5038146972656,262.5406799316406,228.27821350097656
316,423.5038146972656,262.5406799316406,228.27821350097656
317,423.5038146972656,262.5406799316406,228.27821350097656
318,423.5038146972656,262.5406799316406,228.27821350097656
319,423.5038146972656,262.5406799316406,228.27821350097656
320,423.5038146972656,262.5406799316406,228.27821350097656
321,423.5038146972656,262.5406799316406,228.27821350097656
322,423.5038146972656,262.5406799316406,228.27821350097656
323,423.5038146972656,262.5406799316406,228.27821350097656
324,423.5038146972656,262.5406799316406,228.27821350097656
325,423.5038146972656,262.5406799316406,228.27821350097656
326,423.5038146972656,262.5406799316406,228.27821350097656
327,423.5038146972656,262.5406799316406,228.27821350097656
328,423.5038146972656,262.5406799316406,228.27821350097656
329,423.5038146972656,262.5406799316406,228.27821350097656
330,423.5038146972656,262.5406799316406,228.27821350097656
331,423.5038146972656,262.5406799316406,228.27821350097656
332,423.5038146972656,262.5406799316406,228.27821350097656
333,423.5038146972656,262.5406799316406,228.27821350097656
334,423.5038146972656,262.5406799316406,228.27821350097656
335,423.5038146972656,262.5406799316406,228.27821350097656
336,423.5038146972656,262.5406799316406,228.27821350097656
337,423.5038146972656,262.5406799316406,228.27821350097656
338,423.5038146972656,262.5406799316406,228.27821350097656
339,423.5038146972656,262.5406799316406,228.27821350097656
340,423.5038146972656,262.5406799316406,228.27821350097656
341,423.5038146972656,262.5406799316406,228.27821350097656
342,423.5038146972656,262.5406799316406,228.27821350097656
343,423.5038146972656,262.5406799316406,228.27821350097656
344,423.5038146972656,262.5406799316406,228.27821350097656
345,423.5038146972656,262.5406799316406,228.27821350097656
346,423.5038146972656,262.5406799316406,228.27821350097656
347,423.5038146972656,262.5406799316406,228.27821350097656
348,423.5038146972656,262.5406799316406,228.27821350097656
349,423.5038146972656,262.5406799316406,228.27821350097656
350,423.5038146972656,262.5406799316406,228.27821350097656
351,423.5038146972656,262.5406799316406,228.27821350097656
352,423.5038146972656,262.5406799316406,228.27821350097656
353,423.5038146972656,262.5406799316406,228.27821350097656
354,423.5038146972656,262.5406799316406,228.27821350097656
355,423.5038146972656,262.5406799316406,228.27821350097656
356,423.5038146972656,262.5406799316406,228.27821350097656
357,423.5038146972656,262.5406799316406,228.27821350097656
358,423.5038146972656,262.5406799316406,228.27821350097656
359,423.5038146972656,262.5406799316406,228.27821350097656
360,423.5038146972656,262.5406799316406,228.27821350097656
361,423.5038146972656,262.5406799316406,228.27821350097656
362,423.5038146972656,262.5406799316406,228.27821350097656
363,423.5038146972656,262.5406799316406,228.27821350097656
364,423.5038146972656,262.5406799316406,228.27821350097656
365,423.5038146972656,262.5406799316406,228.27821350097656
366,423.5038146972656,262.5406799316406,228.27821350097656
367,423.5038146972656,262.5406799316406,228.27821350097656
368,423.5038146972656,262.5406799316406,228.27821350097656
369,423.5038146972656,262.5406799316406,228.27821350097656
370,423.5038146972656,262.5406799316406,228.27821350097656
371,423.5038146972656,262.5406799316406,228.27821350097656
372,423.5038146972656,262.5406799316406,228.27821350097656
373,423.5038146972656,262.5406799316406,228.27821350097656
374,423.5038146972656,262.5406799316406,228.27821350097656
375,423.5038146972656,262.5406799316406,228.27821350097656
376,423.5038146972656,262.5406799316406,228.27821350097656
377,423.5038146972656,262.5406799316406,228.27821350097656
378,423.5038146972656,262.5406799316406,228.27821350097656
379,423.5038146972656,262.5406799316406,228.27821350097656
380,423.5038146972656,262.5406799316406,228.27821350097656
381,423.5038146972656,262.5406799316406,228.27821350097656
382,423.5038146972656,262.5406799316406,228.27821350097656
383,423.5038146972656,262.5406799316406,228.27821350097656
384,423.5038146972656,262.5406799316406,228.27821350097656
385,423.5038146972656,262.5406799316406,228.27821350097656
386,423.5038146972656,262.5406799316406,228.27821350097656
387,423.5038146972656,262.5406799316406,228.27821350097656
388,423.5038146972656,262.5406799316406,228.27821350097656
389,423.5038146972656,262.5406799316406,228.27821350097656
390,423.5038146972656,262.5406799316406,228.27821350097656
391,423.5038146972656,262.5406799316406,228.27821350097656
392,423.5038146972656,262.5406799316406,228.27821350097656
393,423.5038146972656,262.5406799316406,228.27821350097656
394,423.5038146972656,262.5406799316406,228.27821350097656
395,423.5038146972656,262.5406799316406,228.27821350097656
396,423.5038146972656,262.5406799316406,228.27821350097656
397,423.5038146972656,262.5406799316406,228.27821350097656
398,423.5038146972656,262.5406799316406,228.27821350097656
399,423.5038146972656,262.5406799316406,228.27821350097656
400,423.5038146972656,262.5406799316406,228.27821350097656
401,423.5038146972656,262.5406799316406,228.27821350097656
402,423.5038146972656,262.5406799316406,228.27821350097656
403,423.5038146972656,262.5406799316406,228.27821350097656
404,423.5038146972656,262.5406799316406,228.27821350097656
405,423.5038146972656,262.5406799316406,228.27821350097656
406,423.5038146972656,262.5406799316406,228.27821350097656
407,423.5038146972656,262.5406799316406,228.27821350097656
408,423.5038146972656,262.5406799316406,228.27821350097656
409,423.5038146972656,262.5406799316406,228.27821350097656
410,423.5038146972656,262.5406799316406,228.27821350097656
411,423.5038146972656,262.5406799316406,228.27821350097656
412,423.5038146972656,262.5406799316406,228.27821350097656
413,423.5038146972656,262.5406799316406,228.27821350097656
414,423.5038146972656,262.5406799316406,228.27821350097656
415,423.5038146972656,262.5406799316406,228.27821350097656
416,423.5038146972656,262.5406799316406,228.27821350097656
417,423.5038146972656,262.5406799316406,228.27821350097656
418,423.5038146972656,262.5406799316406,228.27821350097656
419,423.5038146972656,262.5406799316406,228.27821350097656
420,423.5038146972656,262.5406799316406,228.27821350097656
421,423.5038146972656,262.5406799316406,228.27821350097656
422,423.5038146972656,262.5406799316406,228.27821350097656
423,423.5038146972656,262.5406799316406,228.27821350097656
424,423.5038146972656,262.5406799316406,228.27821350097656
425,423.5038146972656,262.5406799316406,228.27821350097656
426,423.5038146972656,262.5406799316406,228.27821350097656
427,423.5038146972656,262.5406799316406,228.27821350097656
428,423.5038146972656,262.5406799316406,228.27821350097656
429,423.5038146972656,262.5406799316406,228.27821350097656
430,423.5038146972656,262.5406799316406,228.27821350097656
431,423.5038146972656,262.5406799316406,228.27821350097656
432,423.5038146972656,262.5406799316406,228.27821350097656
433,423.5038146972656,262.5406799316406,228.27821350097656
434,423.5038146972656,262.5406799316406,228.27821350097656
435,423.5038146972656,262.5406799316406,228.27821350097656
436,423.5038146972656,262.5406799316406,228.27821350097656
437,423.5038146972656,262.5406799316406,228.27821350097656
438,423.5038146972656,262.5406799316406,228.27821350097656
439,423.5038146972656,262.5406799316406,228.27821350097656
440,423.5038146972656,262.5406799316406,228.27821350097656
441,423.5038146972656,262.5406799316406,228.27821350097656
442,423.5038146972656,262.5406799316406,228.27821350097656
443,423.5038146972656,262.5406799316406,228.27821350097656
444,423.5038146972656,262.5406799316406,228.27821350097656
445,423.5038146972656,262.5406799316406,228.27821350097656
446,423.5038146972656,262.5406799316406,228.27821350097656
447,423.5038146972656,262.5406799316406,228.27821350097656
448,423.5038146972656,262.5406799316406,228.27821350097656
449,423.5038146972656,262.5406799316406,228.27821350097656
450,423.5038146972656,262.5406799316406,228.27821350097656
451,423.5038146972656,262.5406799316406,228.27821350097656
452,423.5038146972656,262.5406799316406,228.27821350097656
453,423.5038146972656,262.5406799316406,228.27821350097656
454,423.5038146972656,262.5406799316406,228.27821350097656
455,423.5038146972656,262.5406799316406,228.27821350097656
456,423.5038146972656,262.5406799316406,228.27821350097656
457,423.5038146972656,262.5406799316406,228.27821350097656
458,423.5038146972656,262.5406799316406,228.27821350097656
459,423.5038146972656,262.5406799316406,228.27821350097656
460,423.5038146972656,262.5406799316406,228.27821350097656
461,423.5038146972656,262.5406799316406,228.27821350097656
462,423.5038146972656,262.5406799316406,228.27821350097656
463,423.5038146972656,262.5406799316406,228.27821350097656
464,423.5038146972656,262.5406799316406,228.27821350097656
465,423.5038146972656,262.5406799316406,228.27821350097656
466,423.5038146972656,262.5406799316406,228.27821350097656
467,423.5038146972656,262.5406799316406,228.27821350097656
468,423.5038146972656,262.5406799316406,228.27821350097656
469,423.5038146972656,262.5406799316406,228.27821350097656
470,423.5038146972656,262.5406799316406,228.27821350097656
471,423.5038146972656,262.5406799316406,228.27821350097656
472,423.5038146972656,262.5406799316406,228.27821350097656
473,423.5038146972656,262.5406799316406,228.27821350097656
474,423.5038146972656,262.5406799316406,228.27821350097656
475,423.5038146972656,262.5406799316406,228.27821350097656
476,423.5038146972656,262.5406799316406,228.27821350097656
477,423.5038146972656,262.5406799316406,228.27821350097656
478,423.5038146972656,262.5406799316406,228.27821350097656
479,423.5038146972656,262.5406799316406,228.27821350097656
480,423.5038146972656,262.5406799316406,228.27821350097656
481,423.5038146972656,262.5406799316406,228.27821350097656
482,423.5038146972656,262.5406799316406,228.27821350097656
483,423.5038146972656,262.5406799316406,228.27821350097656
484,423.5038146972656,262.5406799316406,228.27821350097656
485,423.5038146972656,262.5406799316406,228.27821350097656
486,423.5038146972656,262.5406799316406,228.27821350097656
487,423.5038146972656,262.5406799316406,228.27821350097656
488,423.5038146972656,262.5406799316406,228.27821350097656
489,423.5038146972656,262.5406799316406,228.27821350097656
490,423.5038146972656,262.5406799316406,228.27821350097656
491,423.5038146972656,262.5406799316406,228.27821350097656
492,423.5038146972656,262.5406799316406,228.27821350097656
493,423.5038146972656,262.5406799316406,228.27821350097656
494,423.5038146972656,262.5406799316406,228.27821350097656
495,423.5038146972656,262.5406799316406,228.27821350097656
496,423.5038146972656,262.5406799316406,228.27821350097656
497,423.5038146972656,262.5406799316406,228.27821350097656
498,423.5038146972656,262.5406799316406,228.27821350097656
499,423.5038146972656,262.5406799316406,228.27821350097656
500,423.5038146972656,262.5406799316406,228.27821350097656
501,423.5038146972656,262.5406799316406,228.27821350097656
502,423.5038146972656,262.5406799316406,228.27821350097656
503,423.5038146972656,262.5406799316406,228.27821350097656
504,423.5038146972656,262.5406799316406,228.27821350097656
505,424.653564453125,263.1446228027344,228.69085693359375
506,423.5038146972656,262.5406799316406,228.27821350097656
507,423.5038146972656,262.5406799316406,228.27821350097656
508,423.5038146972656,262.5406799316406,228.27821350097656
509,423.5038146972656,262.5406799316406,228.27821350097656
510,423.5038146972656,262.5406799316406,228.27821350097656
511,423.5038146972656,262.5406799316406,228.27821350097656
512,423.5038146972656,262.5406799316406,228.27821350097656
513,423.5038146972656,262.5406799316406,228.27821350097656
514,423.5038146972656,262.5406799316406,228.27821350097656
515,423.5038146972656,262.5406799316406,228.27821350097656
516,423.5038146972656,262.5406799316406,228.27821350097656
517,423.5038146972656,262.5406799316406,228.27821350097656
518,423.5038146972656,262.5406799316406,228.27821350097656
519,423.5038146972656,262.5406799316406,228.27821350097656
520,423.5038146972656,262.5406799316406,228.27821350097656
521,423.5038146972656,262.5406799316406,228.27821350097656
522,423.5038146972656,262.5406799316406,228.27821350097656
523,423.5038146972656,262.5406799316406,228.27821350097656
524,423.5038146972656,262.5406799316406,228.27821350097656
525,423.5038146972656,262.5406799316406,228.27821350097656
526,423.5038146972656,262.5406799316406,228.27821350097656
527,423.5038146972656,262.5406799316406,228.27821350097656
528,423.5038146972656,262.5406799316406,228.27821350097656
529,423.5038146972656,262.5406799316406,228.27821350097656
530,423.5038146972656,262.5406799316406,228.27821350097656
531,423.5038146972656,262.5406799316406,228.27821350097656
532,423.5038146972656,262.5406799316406,228.27821350097656
533,423.5038146972656,262.5406799316406,228.27821350097656
534,423.5038146972656,262.5406799316406,228.27821350097656
535,423.5038146972656,262.5406799316406,228.27821350097656
536,423.5038146972656,262.5406799316406,228.27821350097656
537,423.5038146972656,262.5406799316406,228.27821350097656
538,423.5038146972656,262.5406799316406,228.27821350097656
539,423.5038146972656,262.5406799316406,228.27821350097656
540,423.5038146972656,262.5406799316406,228.27821350097656
541,423.5038146972656,262.5406799316406,228.27821350097656
542,423.5038146972656,262.5406799316406,228.27821350097656
543,423.5038146972656,262.5406799316406,228.27821350097656
544,423.5038146972656,262.5406799316406,228.27821350097656
545,423.5038146972656,262.5406799316406,228.27821350097656
546,423.5038146972656,262.5406799316406,228.27821350097656
547,423.5038146972656,262.5406799316406,228.27821350097656
548,423.5038146972656,262.5406799316406,228.27821350097656
549,423.5038146972656,262.5406799316406,228.27821350097656
550,423.5038146972656,262.5406799316406,228.27821350097656
551,423.5038146972656,262.5406799316406,228.27821350097656
552,423.5038146972656,262.5406799316406,228.27821350097656
553,423.5038146972656,262.5406799316406,228.27821350097656
554,423.5038146972656,262.5406799316406,228.27821350097656
555,423.5038146972656,262.5406799316406,228.27821350097656
556,423.5038146972656,262.5406799316406,228.27821350097656
557,423.5038146972656,262.5406799316406,228.27821350097656
558,423.5038146972656,262.5406799316406,228.27821350097656
559,423.5038146972656,262.5406799316406,228.27821350097656
560,423.5038146972656,262.5406799316406,228.27821350097656
561,423.5038146972656,262.5406799316406,228.27821350097656
562,423.5038146972656,262.5406799316406,228.27821350097656
563,423.5038146972656,262.5406799316406,228.27821350097656
564,423.5038146972656,262.5406799316406,228.27821350097656
565,423.5038146972656,262.5406799316406,228.27821350097656
566,423.5038146972656,262.5406799316406,228.27821350097656
567,423.5038146972656,262.5406799316406,228.27821350097656
568,423.5038146972656,262.5406799316406,228.27821350097656
569,423.5038146972656,262.5406799316406,228.27821350097656
570,423.5038146972656,262.5406799316406,228.27821350097656
571,423.5038146972656,262.5406799316406,228.27821350097656
572,423.5038146972656,262.5406799316406,228.27821350097656
573,423.5038146972656,262.5406799316406,228.27821350097656
574,423.5038146972656,262.5406799316406,228.27821350097656
575,426.2048034667969,262.40972900390625,229.65716552734375
576,423.5038146972656,262.5406799316406,228.27821350097656
577,423.5038146972656,262.5406799316406,228.27821350097656
578,423.5038146972656,262.5406799316406,228.27821350097656
579,423.5038146972656,262.5406799316406,228.27821350097656
580,423.5038146972656,262.5406799316406,228.27821350097656
581,423.5038146972656,262.5406799316406,228.27821350097656
582,423.5038146972656,262.5406799316406,228.27821350097656
583,423.5038146972656,262.5406799316406,228.27821350097656
584,423.5038146972656,262.5406799316406,228.27821350097656
585,423.5038146972656,262.5406799316406,228.27821350097656
586,423.5038146972656,262.5406799316406,228.27821350097656
587,423.5038146972656,262.5406799316406,228.27821350097656
588,423.5038146972656,262.5406799316406,228.27821350097656
589,423.5038146972656,262.5406799316406,228.27821350097656
590,423.5038146972656,262.5406799316406,228.27821350097656
591,423.5038146972656,262.5406799316406,228.27821350097656
592,423.5038146972656,262.5406799316406,228.27821350097656
593,423.5038146972656,262.5406799316406,228.27821350097656
594,423.5038146972656,262.5406799316406,228.27821350097656
595,423.5038146972656,262.5406799316406,228.27821350097656
596,423.5038146972656,262.5406799316406,228.27821350097656
597,423.5038146972656,262.5406799316406,228.27821350097656
598,423.5038146972656,262.5406799316406,228.27821350097656
599,423.5038146972656,262.5406799316406,228.27821350097656
600,423.5038146972656,262.5406799316406,228.27821350097656
601,423.5038146972656,262.5406799316406,228.27821350097656
602,423.5038146972656,262.5406799316406,228.27821350097656
603,423.5038146972656,262.5406799316406,228.27821350097656
604,423.5038146972656,262.5406799316406,228.27821350097656
605,423.5038146972656,262.5406799316406,228.27821350097656
606,423.5038146972656,262.5406799316406,228.27821350097656
607,423.5038146972656,262.5406799316406,228.27821350097656
608,423.5038146972656,262.5406799316406,228.27821350097656
609,423.5038146972656,262.5406799316406,228.27821350097656
610,423.5038146972656,262.5406799316406,228.27821350097656
611,423.5038146972656,262.5406799316406,228.27821350097656
612,423.5038146972656,262.5406799316406,228.27821350097656
613,423.5038146972656,262.5406799316406,228.27821350097656
614,423.5038146972656,262.5406799316406,228.27821350097656
615,423.5038146972656,262.5406799316406,228.27821350097656
616,423.5038146972656,262.5406799316406,228.27821350097656
617,423.5038146972656,262.5406799316406,228.27821350097656
618,423.5038146972656,262.5406799316406,228.27821350097656
619,423.5038146972656,262.5406799316406,228.27821350097656
620,423.5038146972656,262.5406799316406,228.27821350097656
621,423.5038146972656,262.5406799316406,228.27821350097656
622,423.5038146972656,262.5406799316406,228.27821350097656
623,423.5038146972656,262.5406799316406,228.27821350097656
624,423.5038146972656,262.5406799316406,228.27821350097656
625,423.5038146972656,262.5406799316406,228.27821350097656
626,423.5038146972656,262.5406799316406,228.27821350097656
627,423.5038146972656,262.5406799316406,228.27821350097656
628,423.5038146972656,262.5406799316406,228.27821350097656
629,423.5038146972656,262.5406799316406,228.27821350097656
630,423.5038146972656,262.5406799316406,228.27821350097656
631,423.5038146972656,262.5406799316406,228.27821350097656
632,423.5038146972656,262.5406799316406,228.27821350097656
633,423.5038146972656,262.5406799316406,228.27821350097656
634,423.5038146972656,262.5406799316406,228.27821350097656
635,423.5038146972656,262.5406799316406,228.27821350097656
636,423.5038146972656,262.5406799316406,228.27821350097656
637,423.5038146972656,262.5406799316406,228.27821350097656
638,423.5038146972656,262.5406799316406,228.27821350097656
639,423.5038146972656,262.5406799316406,228.27821350097656
640,423.5038146972656,262.5406799316406,228.27821350097656
641,423.5038146972656,262.5406799316406,228.27821350097656
642,423.5038146972656,262.5406799316406,228.27821350097656
643,423.5038146972656,262.5406799316406,228.27821350097656
644,423.5038146972656,262.5406799316406,228.27821350097656
645,423.5038146972656,262.5406799316406,228.27821350097656
646,423.5038146972656,262.5406799316406,228.27821350097656
647,423.5038146972656,262.5406799316406,228.27821350097656
648,423.5038146972656,262.5406799316406,228.27821350097656
649,423.5038146972656,262.5406799316406,228.27821350097656
650,423.5038146972656,262.5406799316406,228.27821350097656
651,423.5038146972656,262.5406799316406,228.27821350097656
652,423.5038146972656,262.5406799316406,228.27821350097656
653,423.5038146972656,262.5406799316406,228.27821350097656
654,423.5038146972656,262.5406799316406,228.27821350097656
655,423.5038146972656,262.5406799316406,228.27821350097656
656,423.5038146972656,262.5406799316406,228.27821350097656
657,423.5038146972656,262.5406799316406,228.27821350097656
658,423.5038146972656,262.5406799316406,228.27821350097656
659,423.5038146972656,262.5406799316406,228.27821350097656
660,423.5038146972656,262.5406799316406,228.27821350097656
661,423.5038146972656,262.5406799316406,228.27821350097656
662,423.5038146972656,262.5406799316406,228.27821350097656
663,423.5038146972656,262.5406799316406,228.27821350097656
664,423.5038146972656,262.5406799316406,228.27821350097656
665,423.5038146972656,262.5406799316406,228.27821350097656
666,423.5038146972656,262.5406799316406,228.27821350097656
667,423.5038146972656,262.5406799316406,228.27821350097656
668,423.5038146972656,262.5406799316406,228.27821350097656
669,423.5038146972656,262.5406799316406,228.27821350097656
670,423.5038146972656,262.5406799316406,228.27821350097656
671,423.5038146972656,262.5406799316406,228.27821350097656
672,423.5038146972656,262.5406799316406,228.27821350097656
673,423.5038146972656,262.5406799316406,228.27821350097656
674,423.5038146972656,262.5406799316406,228.27821350097656
675,423.5038146972656,262.5406799316406,228.27821350097656
676,423.5038146972656,262.5406799316406,228.27821350097656
677,423.5038146972656,262.5406799316406,228.27821350097656
678,423.5038146972656,262.5406799316406,228.27821350097656
679,423.5038146972656,262.5406799316406,228.27821350097656
680,423.5038146972656,262.5406799316406,228.27821350097656
681,423.5038146972656,262.5406799316406,228.27821350097656
682,423.5038146972656,262.5406799316406,228.27821350097656
683,423.5038146972656,262.5406799316406,228.27821350097656
684,423.5038146972656,262.5406799316406,228.27821350097656
685,423.5038146972656,262.5406799316406,228.27821350097656
686,423.5038146972656,262.5406799316406,228.27821350097656
687,423.5038146972656,262.5406799316406,228.27821350097656
688,423.5038146972656,262.5406799316406,228.27821350097656
689,423.5038146972656,262.5406799316406,228.27821350097656
690,423.5038146972656,262.5406799316406,228.27821350097656
691,423.5038146972656,262.5406799316406,228.27821350097656
692,423.5038146972656,262.5406799316406,228.27821350097656
693,423.5038146972656,262.5406799316406,228.27821350097656
694,423.5038146972656,262.5406799316406,228.27821350097656
695,423.5038146972656,262.5406799316406,228.27821350097656
696,423.5038146972656,262.5406799316406,228.27821350097656
697,423.5038146972656,262.5406799316406,228.27821350097656
698,423.5038146972656,262.5406799316406,228.27821350097656
699,423.5038146972656,262.5406799316406,228.27821350097656
700,423.5038146972656,262.5406799316406,228.27821350097656
701,423.8172912597656,262.7458190917969,228.3877410888672
702,423.5038146972656,262.5406799316406,228.27821350097656
703,423.5038146972656,262.5406799316406,228.27821350097656
704,423.5038146972656,262.5406799316406,228.27821350097656
705,423.5038146972656,262.5406799316406,228.27821350097656
706,423.5038146972656,262.5406799316406,228.27821350097656
707,423.5038146972656,262.5406799316406,228.27821350097656
708,423.5038146972656,262.5406799316406,228.27821350097656
709,423.5038146972656,262.5406799316406,228.27821350097656
710,423.5038146972656,262.5406799316406,228.27821350097656
711,423.5038146972656,262.5406799316406,228.27821350097656
712,423.5038146972656,262.5406799316406,228.27821350097656
713,423.5038146972656,262.5406799316406,228.27821350097656
714,423.5038146972656,262.5406799316406,228.27821350097656
715,423.5038146972656,262.5406799316406,228.27821350097656
716,423.5038146972656,262.5406799316406,228.27821350097656
717,423.5038146972656,262.5406799316406,228.27821350097656
718,423.5038146972656,262.5406799316406,228.27821350097656
719,423.5038146972656,262.5406799316406,228.27821350097656
720,423.5038146972656,262.5406799316406,228.27821350097656
721,423.5038146972656,262.5406799316406,228.27821350097656
722,423.5038146972656,262.5406799316406,228.27821350097656
723,423.5038146972656,262.5406799316406,228.27821350097656
724,423.5038146972656,262.5406799316406,228.27821350097656
725,423.5038146972656,262.5406799316406,228.27821350097656
726,423.5038146972656,262.5406799316406,228.27821350097656
727,423.5038146972656,262.5406799316406,228.27821350097656
728,423.5038146972656,262.5406799316406,228.27821350097656
729,423.5038146972656,262.5406799316406,228.27821350097656
730,423.5038146972656,262.5406799316406,228.27821350097656
731,423.5038146972656,262.5406799316406,228.27821350097656
732,423.5038146972656,262.5406799316406,228.27821350097656
733,423.5038146972656,262.5406799316406,228.27821350097656
734,423.5038146972656,262.5406799316406,228.27821350097656
735,423.5038146972656,262.5406799316406,228.27821350097656
736,423.5038146972656,262.5406799316406,228.27821350097656
737,423.5038146972656,262.5406799316406,228.27821350097656
738,423.5038146972656,262.5406799316406,228.27821350097656
739,423.5038146972656,262.5406799316406,228.27821350097656
740,423.5038146972656,262.5406799316406,228.27821350097656
741,423.5038146972656,262.5406799316406,228.27821350097656
742,423.5038146972656,262.5406799316406,228.27821350097656
743,423.5038146972656,262.5406799316406,228.27821350097656
744,423.5038146972656,262.5406799316406,228.27821350097656
745,423.5038146972656,262.5406799316406,228.27821350097656
746,423.5038146972656,262.5406799316406,228.27821350097656
747,423.5038146972656,262.5406799316406,228.27821350097656
748,423.5038146972656,262.5406799316406,228.27821350097656
749,423.5038146972656,262.5406799316406,228.27821350097656
750,423.5038146972656,262.5406799316406,228.27821350097656
751,423.5038146972656,262.5406799316406,228.27821350097656
752,423.5038146972656,262.5406799316406,228.27821350097656
753,423.5038146972656,262.5406799316406,228.27821350097656
754,423.5038146972656,262.5406799316406,228.27821350097656
755,423.5038146972656,262.5406799316406,228.27821350097656
756,423.5038146972656,262.5406799316406,228.27821350097656
757,423.5038146972656,262.5406799316406,228.27821350097656
758,423.5038146972656,262.5406799316406,228.27821350097656
759,423.5038146972656,262.5406799316406,228.27821350097656
760,423.5038146972656,262.5406799316406,228.27821350097656
761,423.5038146972656,262.5406799316406,228.27821350097656
762,423.5038146972656,262.5406799316406,228.27821350097656
763,423.5038146972656,262.5406799316406,228.27821350097656
764,423.5038146972656,262.5406799316406,228.27821350097656
765,423.5038146972656,262.5406799316406,228.27821350097656
766,423.5038146972656,262.5406799316406,228.27821350097656
767,423.5038146972656,262.5406799316406,228.27821350097656
768,423.5038146972656,262.5406799316406,228.27821350097656
769,423.5038146972656,262.5406799316406,228.27821350097656
770,423.5038146972656,262.5406799316406,228.27821350097656
771,423.5038146972656,262.5406799316406,228.27821350097656
772,423.5038146972656,262.5406799316406,228.27821350097656
773,423.5038146972656,262.5406799316406,228.27821350097656
774,423.5038146972656,262.5406799316406,228.27821350097656
775,423.5038146972656,262.5406799316406,228.27821350097656
776,423.5038146972656,262.5406799316406,228.27821350097656
777,423.5038146972656,262.5406799316406,228.27821350097656
778,427.0572204589844,264.5185241699219,229.64590454101562
779,423.5038146972656,262.5406799316406,228.27821350097656
780,423.5038146972656,262.5406799316406,228.27821350097656
781,423.5038146972656,262.5406799316406,228.27821350097656
782,423.5038146972656,262.5406799316406,228.27821350097656
783,423.5038146972656,262.5406799316406,228.27821350097656
784,423.5038146972656,262.5406799316406,228.27821350097656
785,423.5038146972656,262.5406799316406,228.27821350097656
786,423.5038146972656,262.5406799316406,228.27821350097656
787,423.5038146972656,262.5406799316406,228.27821350097656
788,423.5038146972656,262.5406799316406,228.27821350097656
789,423.5038146972656,262.5406799316406,228.27821350097656
790,423.5038146972656,262.5406799316406,228.27821350097656
791,423.5038146972656,262.5406799316406,228.27821350097656
792,423.5038146972656,262.5406799316406,228.27821350097656
793,423.5038146972656,262.5406799316406,228.27821350097656
794,423.5038146972656,262.5406799316406,228.27821350097656
795,423.5038146972656,262.5406799316406,228.27821350097656
796,423.5038146972656,262.5406799316406,228.27821350097656
797,423.5038146972656,262.5406799316406,228.27821350097656
798,423.5038146972656,262.5406799316406,228.27821350097656
799,423.5038146972656,262.5406799316406,228.27821350097656
800,423.5038146972656,262.5406799316406,228.27821350097656
801,423.5038146972656,262.5406799316406,228.27821350097656
802,423.5038146972656,262.5406799316406,228.27821350097656
803,423.5038146972656,262.5406799316406,228.27821350097656
804,423.5038146972656,262.5406799316406,228.27821350097656
805,423.5038146972656,262.5406799316406,228.27821350097656
806,423.5038146972656,262.5406799316406,228.27821350097656
807,423.5038146972656,262.5406799316406,228.27821350097656
808,423.5038146972656,262.5406799316406,228.27821350097656
809,423.5038146972656,262.5406799316406,228.27821350097656
810,423.5038146972656,262.5406799316406,228.27821350097656
811,423.5038146972656,262.5406799316406,228.27821350097656
812,423.5038146972656,262.5406799316406,228.27821350097656
813,423.5038146972656,262.5406799316406,228.27821350097656
814,423.5038146972656,262.5406799316406,228.27821350097656
815,423.5038146972656,262.5406799316406,228.27821350097656
816,423.5038146972656,262.5406799316406,228.27821350097656
817,423.5038146972656,262.5406799316406,228.27821350097656
818,423.5038146972656,262.5406799316406,228.27821350097656
819,423.5038146972656,262.5406799316406,228.27821350097656
820,423.5038146972656,262.5406799316406,228.27821350097656
821,423.5038146972656,262.5406799316406,228.27821350097656
822,423.5038146972656,262.5406799316406,228.27821350097656
823,423.5038146972656,262.5406799316406,228.27821350097656
824,423.5038146972656,262.5406799316406,228.27821350097656
825,423.5038146972656,262.5406799316406,228.27821350097656
826,423.5038146972656,262.5406799316406,228.27821350097656
827,423.5038146972656,262.5406799316406,228.27821350097656
828,423.5038146972656,262.5406799316406,228.27821350097656
829,423.5038146972656,262.5406799316406,228.27821350097656
830,423.5038146972656,262.5406799316406,228.27821350097656
831,423.5038146972656,262.5406799316406,228.27821350097656
832,423.5038146972656,262.5406799316406,228.27821350097656
833,423.5038146972656,262.5406799316406,228.27821350097656
834,423.5038146972656,262.5406799316406,228.27821350097656
835,423.5038146972656,262.5406799316406,228.27821350097656
836,423.5038146972656,262.5406799316406,228.27821350097656
837,423.5038146972656,262.5406799316406,228.27821350097656
838,423.5038146972656,262.5406799316406,228.27821350097656
839,423.5038146972656,262.5406799316406,228.27821350097656
840,423.5038146972656,262.5406799316406,228.27821350097656
841,423.5038146972656,262.5406799316406,228.27821350097656
842,423.5038146972656,262.5406799316406,228.27821350097656
843,423.5038146972656,262.5406799316406,228.27821350097656
844,423.5038146972656,262.5406799316406,228.27821350097656
845,423.5038146972656,262.5406799316406,228.27821350097656
846,423.5038146972656,262.5406799316406,228.27821350097656
847,423.5038146972656,262.5406799316406,228.27821350097656
848,423.5038146972656,262.5406799316406,228.27821350097656
849,423.5038146972656,262.5406799316406,228.27821350097656
850,423.5038146972656,262.5406799316406,228.27821350097656
851,423.5038146972656,262.5406799316406,228.27821350097656
852,423.5038146972656,262.5406799316406,228.27821350097656
853,423.5038146972656,262.5406799316406,228.27821350097656
854,423.5038146972656,262.5406799316406,228.27821350097656
855,423.5038146972656,262.5406799316406,228.27821350097656
856,423.5038146972656,262.5406799316406,228.27821350097656
857,423.5038146972656,262.5406799316406,228.27821350097656
858,423.5038146972656,262.5406799316406,228.27821350097656
859,423.5038146972656,262.5406799316406,228.27821350097656
860,423.5038146972656,262.5406799316406,228.27821350097656
861,423.5038146972656,262.5406799316406,228.27821350097656
862,423.5038146972656,262.5406799316406,228.27821350097656
863,423.5038146972656,262.5406799316406,228.27821350097656
864,423.5038146972656,262.5406799316406,228.27821350097656
865,423.5038146972656,262.5406799316406,228.27821350097656
866,423.5038146972656,262.5406799316406,228.27821350097656
867,423.5038146972656,262.5406799316406,228.27821350097656
868,423.5038146972656,262.5406799316406,228.27821350097656
869,423.5038146972656,262.5406799316406,228.27821350097656
870,423.5038146972656,262.5406799316406,228.27821350097656
871,423.5038146972656,262.5406799316406,228.27821350097656
872,423.5038146972656,262.5406799316406,228.27821350097656
873,423.5038146972656,262.5406799316406,228.27821350097656
874,423.5038146972656,262.5406799316406,228.27821350097656
875,423.5038146972656,262.5406799316406,228.27821350097656
876,423.5038146972656,262.5406799316406,228.27821350097656
877,423.5038146972656,262.5406799316406,228.27821350097656
878,423.5038146972656,262.5406799316406,228.27821350097656
879,423.5038146972656,262.5406799316406,228.27821350097656
880,423.5038146972656,262.5406799316406,228.27821350097656
881,423.5038146972656,262.5406799316406,228.27821350097656
882,423.5038146972656,262.5406799316406,228.27821350097656
883,423.5038146972656,262.5406799316406,228.27821350097656
884,423.5038146972656,262.5406799316406,228.27821350097656
885,423.5038146972656,262.5406799316406,228.27821350097656
886,423.5038146972656,262.5406799316406,228.27821350097656
887,423.5038146972656,262.5406799316406,228.27821350097656
888,423.5038146972656,262.5406799316406,228.27821350097656
889,423.5038146972656,262.5406799316406,228.27821350097656
890,423.5038146972656,262.5406799316406,228.27821350097656
891,423.5038146972656,262.5406799316406,228.27821350097656
892,423.5038146972656,262.5406799316406,228.27821350097656
893,423.5038146972656,262.5406799316406,228.27821350097656
894,423.5038146972656,262.5406799316406,228.27821350097656
895,423.5038146972656,262.5406799316406,228.27821350097656
896,423.5038146972656,262.5406799316406,228.27821350097656
897,423.5038146972656,262.5406799316406,228.27821350097656
898,423.5038146972656,262.5406799316406,228.27821350097656
899,423.5038146972656,262.5406799316406,228.27821350097656
900,423.5038146972656,262.5406799316406,228.27821350097656
901,423.5038146972656,262.5406799316406,228.27821350097656
902,423.5038146972656,262.5406799316406,228.27821350097656
903,423.5038146972656,262.5406799316406,228.27821350097656
904,423.5038146972656,262.5406799316406,228.27821350097656
905,423.5038146972656,262.5406799316406,228.27821350097656
906,423.5038146972656,262.5406799316406,228.27821350097656
907,423.5038146972656,262.5406799316406,228.27821350097656
908,423.5038146972656,262.5406799316406,228.27821350097656
909,423.5038146972656,262.5406799316406,228.27821350097656
910,423.5038146972656,262.5406799316406,228.27821350097656
911,423.5038146972656,262.5406799316406,228.27821350097656
912,423.5038146972656,262.5406799316406,228.27821350097656
913,423.5038146972656,262.5406799316406,228.27821350097656
914,423.5038146972656,262.5406799316406,228.27821350097656
915,423.5038146972656,262.5406799316406,228.27821350097656
916,423.5038146972656,262.5406799316406,228.27821350097656
917,423.5038146972656,262.5406799316406,228.27821350097656
918,423.5038146972656,262.5406799316406,228.27821350097656
919,423.5038146972656,262.5406799316406,228.27821350097656
920,423.5038146972656,262.5406799316406,228.27821350097656
921,423.5038146972656,262.5406799316406,228.27821350097656
922,423.5038146972656,262.5406799316406,228.27821350097656
923,423.5038146972656,262.5406799316406,228.27821350097656
924,423.5038146972656,262.5406799316406,228.27821350097656
925,423.5038146972656,262.5406799316406,228.27821350097656
926,423.5038146972656,262.5406799316406,228.27821350097656
927,423.5038146972656,262.5406799316406,228.27821350097656
928,423.5038146972656,262.5406799316406,228.27821350097656
929,425.3200988769531,263.42974853515625,228.93482971191406
930,423.5038146972656,262.5406799316406,228.27821350097656
931,423.5038146972656,262.5406799316406,228.27821350097656
932,423.5038146972656,262.5406799316406,228.27821350097656
933,423.5038146972656,262.5406799316406,228.27821350097656
934,423.5038146972656,262.5406799316406,228.27821350097656
935,423.5038146972656,262.5406799316406,228.27821350097656
936,423.5038146972656,262.5406799316406,228.27821350097656
937,423.5038146972656,262.5406799316406,228.27821350097656
938,423.5038146972656,262.5406799316406,228.27821350097656
939,423.5038146972656,262.5406799316406,228.27821350097656
940,423.5038146972656,262.5406799316406,228.27821350097656
941,423.5038146972656,262.5406799316406,228.27821350097656
942,423.5038146972656,262.5406799316406,228.27821350097656
943,423.5038146972656,262.5406799316406,228.27821350097656
944,423.5038146972656,262.5406799316406,228.27821350097656
945,423.5038146972656,262.5406799316406,228.27821350097656
946,423.5038146972656,262.5406799316406,228.27821350097656
947,423.5038146972656,262.5406799316406,228.27821350097656
948,423.5038146972656,262.5406799316406,228.27821350097656
949,423.5038146972656,262.5406799316406,228.27821350097656
950,423.5038146972656,262.5406799316406,228.27821350097656
951,423.5038146972656,262.5406799316406,228.27821350097656
952,423.5038146972656,262.5406799316406,228.27821350097656
953,423.5038146972656,262.5406799316406,228.27821350097656
954,423.5038146972656,262.5406799316406,228.27821350097656
955,423.5038146972656,262.5406799316406,228.27821350097656
956,423.5038146972656,262.5406799316406,228.27821350097656
957,423.5038146972656,262.5406799316406,228.27821350097656
958,423.5038146972656,262.5406799316406,228.27821350097656
959,423.5038146972656,262.5406799316406,228.27821350097656
960,423.5038146972656,262.5406799316406,228.27821350097656
961,423.5038146972656,262.5406799316406,228.27821350097656
962,424.57470703125,263.1367492675781,228.6903839111328
963,423.5038146972656,262.5406799316406,228.27821350097656
964,423.5038146972656,262.5406799316406,228.27821350097656
965,423.5038146972656,262.5406799316406,228.27821350097656
966,423.5038146972656,262.5406799316406,228.27821350097656
967,423.5038146972656,262.5406799316406,228.27821350097656
968,423.5038146972656,262.5406799316406,228.27821350097656
969,423.5038146972656,262.5406799316406,228.27821350097656
970,423.5038146972656,262.5406799316406,228.27821350097656
971,423.5038146972656,262.5406799316406,228.27821350097656
972,423.5038146972656,262.5406799316406,228.27821350097656
973,423.5038146972656,262.5406799316406,228.27821350097656
974,423.5038146972656,262.5406799316406,228.27821350097656
975,423.5038146972656,262.5406799316406,228.27821350097656
976,423.5038146972656,262.5406799316406,228.27821350097656
977,423.5038146972656,262.5406799316406,228.27821350097656
978,423.5038146972656,262.5406799316406,228.27821350097656
979,423.5038146972656,262.5406799316406,228.27821350097656
980,423.5038146972656,262.5406799316406,228.27821350097656
981,423.5038146972656,262.5406799316406,228.27821350097656
982,423.5038146972656,262.5406799316406,228.27821350097656
983,423.5038146972656,262.5406799316406,228.27821350097656
984,423.5038146972656,262.5406799316406,228.27821350097656
985,423.5038146972656,262.5406799316406,228.27821350097656
986,423.5038146972656,262.5406799316406,228.27821350097656
987,423.5038146972656,262.5406799316406,228.27821350097656
988,423.5038146972656,262.5406799316406,228.27821350097656
989,423.5038146972656,262.5406799316406,228.27821350097656
990,423.5038146972656,262.5406799316406,228.27821350097656
991,423.5038146972656,262.5406799316406,228.27821350097656
992,423.5038146972656,262.5406799316406,228.27821350097656
993,423.5038146972656,262.5406799316406,228.27821350097656
994,423.5038146972656,262.5406799316406,228.27821350097656
995,423.5038146972656,262.5406799316406,228.27821350097656
996,423.5038146972656,262.5406799316406,228.27821350097656
997,423.5038146972656,262.5406799316406,228.27821350097656
998,423.5038146972656,262.5406799316406,228.27821350097656
999,423.5038146972656,262.5406799316406,228.27821350097656
1000,423.5038146972656,262.5406799316406,228.27821350097656
1001,423.5038146972656,262.5406799316406,228.27821350097656
1002,423.5038146972656,262.5406799316406,228.27821350097656
1003,423.5038146972656,262.5406799316406,228.27821350097656
1004,424.95745849609375,263.34979248046875,228.83773803710938
1005,423.5038146972656,262.5406799316406,228.27821350097656
1006,423.5038146972656,262.5406799316406,228.27821350097656
1007,423.5038146972656,262.5406799316406,228.27821350097656
1008,423.5038146972656,262.5406799316406,228.27821350097656
1009,423.5038146972656,262.5406799316406,228.27821350097656
1010,423.5038146972656,262.5406799316406,228.27821350097656
1011,423.5038146972656,262.5406799316406,228.27821350097656
1012,423.5038146972656,262.5406799316406,228.27821350097656
1013,423.5038146972656,262.5406799316406,228.27821350097656
1014,423.5038146972656,262.5406799316406,228.27821350097656
1015,423.5038146972656,262.5406799316406,228.27821350097656
1016,423.5038146972656,262.5406799316406,228.27821350097656
1017,423.5038146972656,262.5406799316406,228.27821350097656
1018,423.5038146972656,262.5406799316406,228.27821350097656
1019,423.5038146972656,262.5406799316406,228.27821350097656
1020,423.5038146972656,262.5406799316406,228.27821350097656
1021,423.5038146972656,262.5406799316406,228.27821350097656
1022,423.5038146972656,262.5406799316406,228.27821350097656
1023,423.5038146972656,262.5406799316406,228.27821350097656
1024,423.5038146972656,262.5406799316406,228.27821350097656
1025,423.5038146972656,262.5406799316406,228.27821350097656
1026,423.5038146972656,262.5406799316406,228.27821350097656
1027,423.5038146972656,262.5406799316406,228.27821350097656
1028,423.5038146972656,262.5406799316406,228.27821350097656
1029,423.5038146972656,262.5406799316406,228.27821350097656
1030,423.5038146972656,262.5406799316406,228.27821350097656
1031,423.5038146972656,262.5406799316406,228.27821350097656
1032,423.5038146972656,262.5406799316406,228.27821350097656
1033,423.5038146972656,262.5406799316406,228.27821350097656
1034,423.5038146972656,262.5406799316406,228.27821350097656
1035,423.5038146972656,262.5406799316406,228.27821350097656
1036,423.5038146972656,262.5406799316406,228.27821350097656
1037,423.5038146972656,262.5406799316406,228.27821350097656
1038,423.5038146972656,262.5406799316406,228.27821350097656
1039,423.5038146972656,262.5406799316406,228.27821350097656
1040,423.5038146972656,262.5406799316406,228.27821350097656
1041,423.5038146972656,262.5406799316406,228.27821350097656
1042,423.5038146972656,262.5406799316406,228.27821350097656
1043,423.5038146972656,262.5406799316406,228.27821350097656
1044,423.5038146972656,262.5406799316406,228.27821350097656
1045,423.5038146972656,262.5406799316406,228.27821350097656
1046,423.5038146972656,262.5406799316406,228.27821350097656
1047,423.5038146972656,262.5406799316406,228.27821350097656
1048,423.5038146972656,262.5406799316406,228.27821350097656
1049,423.9844055175781,262.8081970214844,228.4632110595703
1050,423.5038146972656,262.5406799316406,228.27821350097656
1051,423.5038146972656,262.5406799316406,228.27821350097656
1052,423.5038146972656,262.5406799316406,228.27821350097656
1053,423.5038146972656,262.5406799316406,228.27821350097656
1054,423.5038146972656,262.5406799316406,228.27821350097656
1055,423.5038146972656,262.5406799316406,228.27821350097656
1056,423.5038146972656,262.5406799316406,228.27821350097656
1057,423.5038146972656,262.5406799316406,228.27821350097656
1058,423.5038146972656,262.5406799316406,228.27821350097656
1059,423.5038146972656,262.5406799316406,228.27821350097656
1060,423.5038146972656,262.5406799316406,228.27821350097656
1061,423.5038146972656,262.5406799316406,228.27821350097656
1062,423.5038146972656,262.5406799316406,228.27821350097656
1063,423.5038146972656,262.5406799316406,228.27821350097656
1064,423.5038146972656,262.5406799316406,228.27821350097656
1065,423.5038146972656,262.5406799316406,228.27821350097656
1066,423.5038146972656,262.5406799316406,228.27821350097656
1067,423.5038146972656,262.5406799316406,228.27821350097656
1068,423.5038146972656,262.5406799316406,228.27821350097656
1069,423.5038146972656,262.5406799316406,228.27821350097656
1070,423.5038146972656,262.5406799316406,228.27821350097656
1071,423.5038146972656,262.5406799316406,228.27821350097656
1072,423.5038146972656,262.5406799316406,228.27821350097656
1073,423.5038146972656,262.5406799316406,228.27821350097656
1074,423.5038146972656,262.5406799316406,228.27821350097656
1075,423.5038146972656,262.5406799316406,228.27821350097656
1076,423.5038146972656,262.5406799316406,228.27821350097656
1077,423.5038146972656,262.5406799316406,228.27821350097656
1078,423.5038146972656,262.5406799316406,228.27821350097656
1079,423.5038146972656,262.5406799316406,228.27821350097656
1080,423.5038146972656,262.5406799316406,228.27821350097656
1081,423.5038146972656,262.5406799316406,228.27821350097656
1082,423.5038146972656,262.5406799316406,228.27821350097656
1083,423.5038146972656,262.5406799316406,228.27821350097656
1084,423.5038146972656,262.5406799316406,228.27821350097656
1085,423.5038146972656,262.5406799316406,228.27821350097656
1086,423.5038146972656,262.5406799316406,228.27821350097656
1087,423.5038146972656,262.5406799316406,228.27821350097656
1088,423.5038146972656,262.5406799316406,228.27821350097656
1089,423.5038146972656,262.5406799316406,228.27821350097656
1090,423.5038146972656,262.5406799316406,228.27821350097656
1091,423.5038146972656,262.5406799316406,228.27821350097656
1092,423.5038146972656,262.5406799316406,228.27821350097656
1093,423.5038146972656,262.5406799316406,228.27821350097656
1094,423.5038146972656,262.5406799316406,228.27821350097656
1095,423.5038146972656,262.5406799316406,228.27821350097656
1096,423.5038146972656,262.5406799316406,228.27821350097656
1097,423.5038146972656,262.5406799316406,228.27821350097656
1098,423.5038146972656,262.5406799316406,228.27821350097656
1099,423.5038146972656,262.5406799316406,228.27821350097656
1100,423.5038146972656,262.5406799316406,228.27821350097656
1101,423.5038146972656,262.5406799316406,228.27821350097656
1102,423.5038146972656,262.5406799316406,228.27821350097656
1103,423.5038146972656,262.5406799316406,228.27821350097656
1104,423.5038146972656,262.5406799316406,228.27821350097656
1105,423.5038146972656,262.5406799316406,228.27821350097656
1106,423.5038146972656,262.5406799316406,228.27821350097656
1107,423.5038146972656,262.5406799316406,228.27821350097656
1108,423.5038146972656,262.5406799316406,228.27821350097656
1109,423.5038146972656,262.5406799316406,228.27821350097656
1110,423.5038146972656,262.5406799316406,228.27821350097656
1111,423.5038146972656,262.5406799316406,228.27821350097656
1112,423.5038146972656,262.5406799316406,228.27821350097656
1113,423.5038146972656,262.5406799316406,228.27821350097656
1114,423.5038146972656,262.5406799316406,228.27821350097656
1115,423.5038146972656,262.5406799316406,228.27821350097656
1116,423.5038146972656,262.5406799316406,228.27821350097656
1117,426.6456298828125,264.2894287109375,229.48751831054688
1118,423.5038146972656,262.5406799316406,228.27821350097656
1119,423.5038146972656,262.5406799316406,228.27821350097656
1120,423.5038146972656,262.5406799316406,228.27821350097656
1121,423.5038146972656,262.5406799316406,228.27821350097656
1122,423.5038146972656,262.5406799316406,228.27821350097656
1123,423.5038146972656,262.5406799316406,228.27821350097656
1124,423.5038146972656,262.5406799316406,228.27821350097656
1125,423.5038146972656,262.5406799316406,228.27821350097656
1126,423.5038146972656,262.5406799316406,228.27821350097656
1127,423.5038146972656,262.5406799316406,228.27821350097656
1128,423.5038146972656,262.5406799316406,228.27821350097656
1129,423.5038146972656,262.5406799316406,228.27821350097656
1130,423.5038146972656,262.5406799316406,228.27821350097656
1131,423.5038146972656,262.5406799316406,228.27821350097656
1132,423.5038146972656,262.5406799316406,228.27821350097656
1133,423.5038146972656,262.5406799316406,228.27821350097656
1134,423.5038146972656,262.5406799316406,228.27821350097656
1135,423.5038146972656,262.5406799316406,228.27821350097656
1136,423.5038146972656,262.5406799316406,228.27821350097656
1137,423.5038146972656,262.5406799316406,228.27821350097656
1138,423.5038146972656,262.5406799316406,228.27821350097656
1139,423.5038146972656,262.5406799316406,228.27821350097656
1140,423.5038146972656,262.5406799316406,228.27821350097656
1141,423.5038146972656,262.5406799316406,228.27821350097656
1142,423.5038146972656,262.5406799316406,228.27821350097656
1143,423.5038146972656,262.5406799316406,228.27821350097656
1144,423.5038146972656,262.5406799316406,228.27821350097656
1145,423.5038146972656,262.5406799316406,228.27821350097656
1146,423.5038146972656,262.5406799316406,228.27821350097656
1147,423.5038146972656,262.5406799316406,228.27821350097656
1148,423.5038146972656,262.5406799316406,228.27821350097656
1149,423.5038146972656,262.5406799316406,228.27821350097656
1150,423.5038146972656,262.5406799316406,228.27821350097656
1151,423.5038146972656,262.5406799316406,228.27821350097656
1152,423.5038146972656,262.5406799316406,228.27821350097656
1153,423.5038146972656,262.5406799316406,228.27821350097656
1154,423.5038146972656,262.5406799316406,228.27821350097656
1155,423.5038146972656,262.5406799316406,228.27821350097656
1156,423.5038146972656,262.5406799316406,228.27821350097656
1157,423.5038146972656,262.5406799316406,228.27821350097656
1158,423.5038146972656,262.5406799316406,228.27821350097656
1159,423.5038146972656,262.5406799316406,228.27821350097656
1160,423.5038146972656,262.5406799316406,228.27821350097656
1161,423.5038146972656,262.5406799316406,228.27821350097656
1162,423.5038146972656,262.5406799316406,228.27821350097656
1163,423.5038146972656,262.5406799316406,228.27821350097656
1164,423.65631103515625,262.6255798339844,228.3369140625
1165,423.5038146972656,262.5406799316406,228.27821350097656
1166,423.5038146972656,262.5406799316406,228.27821350097656
1167,423.5038146972656,262.5406799316406,228.27821350097656
1168,423.5038146972656,262.5406799316406,228.27821350097656
1169,423.5038146972656,262.5406799316406,228.27821350097656
1170,423.5038146972656,262.5406799316406,228.27821350097656
1171,423.5038146972656,262.5406799316406,228.27821350097656
1172,423.5038146972656,262.5406799316406,228.27821350097656
1173,423.5038146972656,262.5406799316406,228.27821350097656
1174,423.5038146972656,262.5406799316406,228.27821350097656
1175,423.5038146972656,262.5406799316406,228.27821350097656
1176,423.5038146972656,262.5406799316406,228.27821350097656
1177,424.08856201171875,262.8661804199219,228.5032958984375
1178,423.5038146972656,262.5406799316406,228.27821350097656
1179,423.5038146972656,262.5406799316406,228.27821350097656
1180,423.5038146972656,262.5406799316406,228.27821350097656
1181,423.5038146972656,262.5406799316406,228.27821350097656
1182,423.5038146972656,262.5406799316406,228.27821350097656
1183,423.5038146972656,262.5406799316406,228.27821350097656
1184,423.5038146972656,262.5406799316406,228.27821350097656
1185,423.5038146972656,262.5406799316406,228.27821350097656
1186,423.5038146972656,262.5406799316406,228.27821350097656
1187,423.5038146972656,262.5406799316406,228.27821350097656
1188,423.5038146972656,262.5406799316406,228.27821350097656
1189,423.5038146972656,262.5406799316406,228.27821350097656
1190,423.5038146972656,262.5406799316406,228.27821350097656
1191,423.5038146972656,262.5406799316406,228.27821350097656
1192,423.5038146972656,262.5406799316406,228.27821350097656
1193,423.5038146972656,262.5406799316406,228.27821350097656
1194,423.5038146972656,262.5406799316406,228.27821350097656
1195,423.5038146972656,262.5406799316406,228.27821350097656
1196,423.5038146972656,262.5406799316406,228.27821350097656
1197,423.5038146972656,262.5406799316406,228.27821350097656
1198,423.5038146972656,262.5406799316406,228.27821350097656
1199,423.5038146972656,262.5406799316406,228.27821350097656
1200,423.5038146972656,262.5406799316406,228.27821350097656
1201,423.5038146972656,262.5406799316406,228.27821350097656
1202,423.5038146972656,262.5406799316406,228.27821350097656
1203,423.5038146972656,262.5406799316406,228.27821350097656
1204,423.5038146972656,262.5406799316406,228.27821350097656
1205,423.5038146972656,262.5406799316406,228.27821350097656
1206,423.5038146972656,262.5406799316406,228.27821350097656
1207,423.5038146972656,262.5406799316406,228.27821350097656
1208,423.5038146972656,262.5406799316406,228.27821350097656
1209,423.5038146972656,262.5406799316406,228.27821350097656
1210,423.5038146972656,262.5406799316406,228.27821350097656
1211,423.5038146972656,262.5406799316406,228.27821350097656
1212,423.5038146972656,262.5406799316406,228.27821350097656
1213,423.5038146972656,262.5406799316406,228.27821350097656
1214,423.5038146972656,262.5406799316406,228.27821350097656
1215,423.5038146972656,262.5406799316406,228.27821350097656
1216,423.5038146972656,262.5406799316406,228.27821350097656
1217,423.5038146972656,262.5406799316406,228.27821350097656
1218,423.5038146972656,262.5406799316406,228.27821350097656
1219,423.5038146972656,262.5406799316406,228.27821350097656
1220,423.5038146972656,262.5406799316406,228.27821350097656
1221,423.5038146972656,262.5406799316406,228.27821350097656
1222,423.5038146972656,262.5406799316406,228.27821350097656
1223,423.5038146972656,262.5406799316406,228.27821350097656
1224,423.5038146972656,262.5406799316406,228.27821350097656
1225,423.5038146972656,262.5406799316406,228.27821350097656
1226,423.5038146972656,262.5406799316406,228.27821350097656
1227,423.5038146972656,262.5406799316406,228.27821350097656
1228,423.5038146972656,262.5406799316406,228.27821350097656
1229,423.5038146972656,262.5406799316406,228.27821350097656
1230,423.7247009277344,262.66363525390625,228.3632354736328
1231,423.5038146972656,262.5406799316406,228.27821350097656
1232,423.5038146972656,262.5406799316406,228.27821350097656
1233,423.5038146972656,262.5406799316406,228.27821350097656
1234,423.5038146972656,262.5406799316406,228.27821350097656
1235,423.5038146972656,262.5406799316406,228.27821350097656
1236,423.5038146972656,262.5406799316406,228.27821350097656
1237,423.5038146972656,262.5406799316406,228.27821350097656
1238,423.5038146972656,262.5406799316406,228.27821350097656
1239,423.5038146972656,262.5406799316406,228.27821350097656
1240,423.5038146972656,262.5406799316406,228.27821350097656
1241,423.5038146972656,262.5406799316406,228.27821350097656
1242,423.5038146972656,262.5406799316406,228.27821350097656
1243,423.5038146972656,262.5406799316406,228.27821350097656
1244,423.5038146972656,262.5406799316406,228.27821350097656
1245,423.5038146972656,262.5406799316406,228.27821350097656
1246,423.5038146972656,262.5406799316406,228.27821350097656
1247,423.5038146972656,262.5406799316406,228.27821350097656
1248,423.5038146972656,262.5406799316406,228.27821350097656
1249,423.5038146972656,262.5406799316406,228.27821350097656
1250,423.5038146972656,262.5406799316406,228.27821350097656
1251,423.5038146972656,262.5406799316406,228.27821350097656
1252,423.5038146972656,262.5406799316406,228.27821350097656
1253,423.5038146972656,262.5406799316406,228.27821350097656
1254,423.5038146972656,262.5406799316406,228.27821350097656
1255,423.5038146972656,262.5406799316406,228.27821350097656
1256,423.5038146972656,262.5406799316406,228.27821350097656
1257,423.5038146972656,262.5406799316406,228.27821350097656
1258,423.5038146972656,262.5406799316406,228.27821350097656
1259,423.5038146972656,262.5406799316406,228.27821350097656
1260,423.5038146972656,262.5406799316406,228.27821350097656
1261,423.5038146972656,262.5406799316406,228.27821350097656
1262,423.5038146972656,262.5406799316406,228.27821350097656
1263,423.5038146972656,262.5406799316406,228.27821350097656
1264,423.5038146972656,262.5406799316406,228.27821350097656
1265,423.5038146972656,262.5406799316406,228.27821350097656
1266,423.5038146972656,262.5406799316406,228.27821350097656
1267,423.5038146972656,262.5406799316406,228.27821350097656
1268,423.5038146972656,262.5406799316406,228.27821350097656
1269,423.5038146972656,262.5406799316406,228.27821350097656
1270,423.5038146972656,262.5406799316406,228.27821350097656
1271,423.5038146972656,262.5406799316406,228.27821350097656
1272,423.5038146972656,262.5406799316406,228.27821350097656
1273,423.5038146972656,262.5406799316406,228.27821350097656
1274,423.5038146972656,262.5406799316406,228.27821350097656
1275,423.5038146972656,262.5406799316406,228.27821350097656
1276,423.5038146972656,262.5406799316406,228.27821350097656
1277,423.5038146972656,262.5406799316406,228.27821350097656
1278,423.5038146972656,262.5406799316406,228.27821350097656
1279,423.5038146972656,262.5406799316406,228.27821350097656
1280,423.5038146972656,262.5406799316406,228.27821350097656
1281,423.5038146972656,262.5406799316406,228.27821350097656
1282,423.5038146972656,262.5406799316406,228.27821350097656
1283,423.5038146972656,262.5406799316406,228.27821350097656
1284,423.5038146972656,262.5406799316406,228.27821350097656
1285,423.5038146972656,262.5406799316406,228.27821350097656
1286,423.5038146972656,262.5406799316406,228.27821350097656
1287,423.5038146972656,262.5406799316406,228.27821350097656
1288,423.5038146972656,262.5406799316406,228.27821350097656
1289,423.5038146972656,262.5406799316406,228.27821350097656
1290,423.5038146972656,262.5406799316406,228.27821350097656
1291,423.5038146972656,262.5406799316406,228.27821350097656
1292,423.5038146972656,262.5406799316406,228.27821350097656
1293,423.5038146972656,262.5406799316406,228.27821350097656
1294,423.5038146972656,262.5406799316406,228.27821350097656
1295,423.5038146972656,262.5406799316406,228.27821350097656
1296,423.5038146972656,262.5406799316406,228.27821350097656
1297,423.5038146972656,262.5406799316406,228.27821350097656
1298,423.5038146972656,262.5406799316406,228.27821350097656
1299,423.5038146972656,262.5406799316406,228.27821350097656
1300,423.5038146972656,262.5406799316406,228.27821350097656
1301,423.5038146972656,262.5406799316406,228.27821350097656
1302,423.5038146972656,262.5406799316406,228.27821350097656
1303,423.5038146972656,262.5406799316406,228.27821350097656
1304,423.5038146972656,262.5406799316406,228.27821350097656
1305,423.5038146972656,262.5406799316406,228.27821350097656
1306,423.5038146972656,262.5406799316406,228.27821350097656
1307,423.5038146972656,262.5406799316406,228.27821350097656
1308,423.5038146972656,262.5406799316406,228.27821350097656
1309,423.5038146972656,262.5406799316406,228.27821350097656
1310,423.5038146972656,262.5406799316406,228.27821350097656
1311,423.5038146972656,262.5406799316406,228.27821350097656
1312,423.5038146972656,262.5406799316406,228.27821350097656
1313,423.5038146972656,262.5406799316406,228.27821350097656
1314,423.5038146972656,262.5406799316406,228.27821350097656
1315,423.5038146972656,262.5406799316406,228.27821350097656
1316,423.5038146972656,262.5406799316406,228.27821350097656
1317,423.5038146972656,262.5406799316406,228.27821350097656
1318,423.5038146972656,262.5406799316406,228.27821350097656
1319,423.5038146972656,262.5406799316406,228.27821350097656
1320,423.5038146972656,262.5406799316406,228.27821350097656
1321,423.5038146972656,262.5406799316406,228.27821350097656
1322,423.5038146972656,262.5406799316406,228.27821350097656
1323,423.5038146972656,262.5406799316406,228.27821350097656
1324,423.5038146972656,262.5406799316406,228.27821350097656
1325,423.5038146972656,262.5406799316406,228.27821350097656
1326,423.5038146972656,262.5406799316406,228.27821350097656
1327,423.5038146972656,262.5406799316406,228.27821350097656
1328,423.5038146972656,262.5406799316406,228.27821350097656
1329,423.5038146972656,262.5406799316406,228.27821350097656
1330,423.5038146972656,262.5406799316406,228.27821350097656
1331,423.5038146972656,262.5406799316406,228.27821350097656
1332,423.5038146972656,262.5406799316406,228.27821350097656
1333,423.5038146972656,262.5406799316406,228.27821350097656
1334,423.5038146972656,262.5406799316406,228.27821350097656
1335,423.5038146972656,262.5406799316406,228.27821350097656
1336,423.5038146972656,262.5406799316406,228.27821350097656
1337,423.5038146972656,262.5406799316406,228.27821350097656
1338,423.5038146972656,262.5406799316406,228.27821350097656
1339,423.5038146972656,262.5406799316406,228.27821350097656
1340,423.5038146972656,262.5406799316406,228.27821350097656
1341,427.04888916015625,264.16937255859375,229.56768798828125
1342,423.5038146972656,262.5406799316406,228.27821350097656
1343,423.5038146972656,262.5406799316406,228.27821350097656
1344,423.5038146972656,262.5406799316406,228.27821350097656
1345,423.5038146972656,262.5406799316406,228.27821350097656
1346,423.5038146972656,262.5406799316406,228.27821350097656
1347,423.5038146972656,262.5406799316406,228.27821350097656
1348,423.5038146972656,262.5406799316406,228.27821350097656
1349,423.5038146972656,262.5406799316406,228.27821350097656
1350,423.5038146972656,262.5406799316406,228.27821350097656
1351,423.5038146972656,262.5406799316406,228.27821350097656
1352,423.5038146972656,262.5406799316406,228.27821350097656
1353,423.5038146972656,262.5406799316406,228.27821350097656
1354,423.5038146972656,262.5406799316406,228.27821350097656
1355,423.5038146972656,262.5406799316406,228.27821350097656
1356,423.5038146972656,262.5406799316406,228.27821350097656
1357,423.5038146972656,262.5406799316406,228.27821350097656
1358,423.5038146972656,262.5406799316406,228.27821350097656
1359,423.5038146972656,262.5406799316406,228.27821350097656
1360,423.5038146972656,262.5406799316406,228.27821350097656
1361,423.5038146972656,262.5406799316406,228.27821350097656
1362,423.5038146972656,262.5406799316406,228.27821350097656
1363,423.5038146972656,262.5406799316406,228.27821350097656
1364,423.5038146972656,262.5406799316406,228.27821350097656
1365,423.5038146972656,262.5406799316406,228.27821350097656
1366,423.5038146972656,262.5406799316406,228.27821350097656
1367,423.5038146972656,262.5406799316406,228.27821350097656
1368,423.5038146972656,262.5406799316406,228.27821350097656
1369,423.5038146972656,262.5406799316406,228.27821350097656
1370,423.5038146972656,262.5406799316406,228.27821350097656
1371,423.5038146972656,262.5406799316406,228.27821350097656
1372,424.5194396972656,263.1059875488281,228.6691436767578
1373,423.5038146972656,262.5406799316406,228.27821350097656
1374,423.5038146972656,262.5406799316406,228.27821350097656
1375,423.5038146972656,262.5406799316406,228.27821350097656
1376,423.5038146972656,262.5406799316406,228.27821350097656
1377,423.5038146972656,262.5406799316406,228.27821350097656
1378,423.5038146972656,262.5406799316406,228.27821350097656
1379,423.5038146972656,262.5406799316406,228.27821350097656
1380,423.5038146972656,262.5406799316406,228.27821350097656
1381,423.5038146972656,262.5406799316406,228.27821350097656
1382,423.5038146972656,262.5406799316406,228.27821350097656
1383,423.5038146972656,262.5406799316406,228.27821350097656
1384,423.5038146972656,262.5406799316406,228.27821350097656
1385,423.5038146972656,262.5406799316406,228.27821350097656
1386,423.5038146972656,262.5406799316406,228.27821350097656
1387,423.5038146972656,262.5406799316406,228.27821350097656
1388,423.5038146972656,262.5406799316406,228.27821350097656
1389,423.5038146972656,262.5406799316406,228.27821350097656
1390,423.5038146972656,262.5406799316406,228.27821350097656
1391,423.5038146972656,262.5406799316406,228.27821350097656
1392,423.5038146972656,262.5406799316406,228.27821350097656
1393,423.5038146972656,262.5406799316406,228.27821350097656
1394,423.5038146972656,262.5406799316406,228.27821350097656
1395,423.5038146972656,262.5406799316406,228.27821350097656
1396,423.5038146972656,262.5406799316406,228.27821350097656
1397,423.5038146972656,262.5406799316406,228.27821350097656
1398,423.5038146972656,262.5406799316406,228.27821350097656
1399,423.5038146972656,262.5406799316406,228.27821350097656
1400,423.5038146972656,262.5406799316406,228.27821350097656
1401,423.5038146972656,262.5406799316406,228.27821350097656
1402,423.5038146972656,262.5406799316406,228.27821350097656
1403,423.5038146972656,262.5406799316406,228.27821350097656
1404,423.5038146972656,262.5406799316406,228.27821350097656
1405,423.5038146972656,262.5406799316406,228.27821350097656
1406,423.5038146972656,262.5406799316406,228.27821350097656
1407,423.5038146972656,262.5406799316406,228.27821350097656
1408,423.5038146972656,262.5406799316406,228.27821350097656
1409,423.5038146972656,262.5406799316406,228.27821350097656
1410,423.5038146972656,262.5406799316406,228.27821350097656
1411,423.5038146972656,262.5406799316406,228.27821350097656
1412,423.5038146972656,262.5406799316406,228.27821350097656
1413,423.5038146972656,262.5406799316406,228.27821350097656
1414,423.5038146972656,262.5406799316406,228.27821350097656
1415,423.5038146972656,262.5406799316406,228.27821350097656
1416,423.5038146972656,262.5406799316406,228.27821350097656
1417,423.5038146972656,262.5406799316406,228.27821350097656
1418,423.5038146972656,262.5406799316406,228.27821350097656
1419,423.5038146972656,262.5406799316406,228.27821350097656
1420,423.5038146972656,262.5406799316406,228.27821350097656
1421,423.5038146972656,262.5406799316406,228.27821350097656
1422,423.5038146972656,262.5406799316406,228.27821350097656
1423,423.5038146972656,262.5406799316406,228.27821350097656
1424,423.5038146972656,262.5406799316406,228.27821350097656
1425,423.5038146972656,262.5406799316406,228.27821350097656
1426,423.5038146972656,262.5406799316406,228.27821350097656
1427,423.5038146972656,262.5406799316406,228.27821350097656
1428,423.5038146972656,262.5406799316406,228.27821350097656
1429,423.5038146972656,262.5406799316406,228.27821350097656
1430,423.5038146972656,262.5406799316406,228.27821350097656
1431,423.5038146972656,262.5406799316406,228.27821350097656
1432,423.5038146972656,262.5406799316406,228.27821350097656
1433,423.5038146972656,262.5406799316406,228.27821350097656
1434,423.5038146972656,262.5406799316406,228.27821350097656
1435,423.5038146972656,262.5406799316406,228.27821350097656
1436,423.5038146972656,262.5406799316406,228.27821350097656
1437,423.5038146972656,262.5406799316406,228.27821350097656
1438,423.5038146972656,262.5406799316406,228.27821350097656
1439,423.5038146972656,262.5406799316406,228.27821350097656
1440,423.5038146972656,262.5406799316406,228.27821350097656
1441,423.5038146972656,262.5406799316406,228.27821350097656
1442,423.5038146972656,262.5406799316406,228.27821350097656
1443,423.5038146972656,262.5406799316406,228.27821350097656
1444,423.5038146972656,262.5406799316406,228.27821350097656
1445,423.5038146972656,262.5406799316406,228.27821350097656
1446,423.5038146972656,262.5406799316406,228.27821350097656
1447,423.5038146972656,262.5406799316406,228.27821350097656
1448,423.5038146972656,262.5406799316406,228.27821350097656
1449,423.5038146972656,262.5406799316406,228.27821350097656
1450,423.5038146972656,262.5406799316406,228.27821350097656
1451,423.5038146972656,262.5406799316406,228.27821350097656
1452,423.5038146972656,262.5406799316406,228.27821350097656
1453,423.5038146972656,262.5406799316406,228.27821350097656
1454,423.5038146972656,262.5406799316406,228.27821350097656
1455,423.5038146972656,262.5406799316406,228.27821350097656
1456,423.5038146972656,262.5406799316406,228.27821350097656
1457,423.5038146972656,262.5406799316406,228.27821350097656
1458,423.5038146972656,262.5406799316406,228.27821350097656
1459,423.5038146972656,262.5406799316406,228.27821350097656
1460,423.5038146972656,262.5406799316406,228.27821350097656
1461,423.5038146972656,262.5406799316406,228.27821350097656
1462,423.5038146972656,262.5406799316406,228.27821350097656
1463,423.5038146972656,262.5406799316406,228.27821350097656
1464,423.5038146972656,262.5406799316406,228.27821350097656
1465,423.5038146972656,262.5406799316406,228.27821350097656
1466,423.5038146972656,262.5406799316406,228.27821350097656
1467,423.5038146972656,262.5406799316406,228.27821350097656
1468,423.5038146972656,262.5406799316406,228.27821350097656
1469,423.5038146972656,262.5406799316406,228.27821350097656
1470,423.5038146972656,262.5406799316406,228.27821350097656
1471,423.5038146972656,262.5406799316406,228.27821350097656
1472,423.5038146972656,262.5406799316406,228.27821350097656
1473,423.5038146972656,262.5406799316406,228.27821350097656
1474,423.5038146972656,262.5406799316406,228.27821350097656
1475,423.5038146972656,262.5406799316406,228.27821350097656
1476,423.5038146972656,262.5406799316406,228.27821350097656
1477,423.5038146972656,262.5406799316406,228.27821350097656
1478,423.5038146972656,262.5406799316406,228.27821350097656
1479,423.5038146972656,262.5406799316406,228.27821350097656
1480,423.5038146972656,262.5406799316406,228.27821350097656
1481,423.5038146972656,262.5406799316406,228.27821350097656
1482,423.5038146972656,262.5406799316406,228.27821350097656
1483,423.5038146972656,262.5406799316406,228.27821350097656
1484,423.5038146972656,262.5406799316406,228.27821350097656
1485,423.5038146972656,262.5406799316406,228.27821350097656
1486,423.5038146972656,262.5406799316406,228.27821350097656
1487,423.5038146972656,262.5406799316406,228.27821350097656
1488,423.5038146972656,262.5406799316406,228.27821350097656
1489,423.5038146972656,262.5406799316406,228.27821350097656
1490,423.5038146972656,262.5406799316406,228.27821350097656
1491,423.5038146972656,262.5406799316406,228.27821350097656
1492,423.5038146972656,262.5406799316406,228.27821350097656
1493,423.5038146972656,262.5406799316406,228.27821350097656
1494,423.5038146972656,262.5406799316406,228.27821350097656
1495,423.5038146972656,262.5406799316406,228.27821350097656
1496,423.5038146972656,262.5406799316406,228.27821350097656
1497,423.5038146972656,262.5406799316406,228.27821350097656
1498,423.5038146972656,262.5406799316406,228.27821350097656
1499,423.5038146972656,262.5406799316406,228.27821350097656
